feature,mutual_information,anova_f_score,anova_p_value,mutual_information_rank,anova_rank,mean_rank,combined_rank
spectral_bandwidth_mean,0.03284058947212154,7.272628557787918,0.007398381018840939,3,2,2.5,1
mfcc_3_mean,0.027066364107077634,15.2441852442041,0.00011680591965796028,5,1,3.0,2
spectral_flatness_mean,0.04229221731862176,0.36325331408321127,0.5471617938327215,1,7,4.0,3
rms_energy_mean,0.023746465301992536,4.118228074868336,0.0433090276531142,6,3,4.5,4
mfcc_1_mean,0.03282601307598898,0.6507423622244363,0.4204885673111159,4,6,5.0,5
zero_crossing_rate_mean,0.03968509927724129,0.05857888000446132,0.808922260130513,2,9,5.5,6
mfcc_2_mean,0.01713395042625243,3.819220740504356,0.05159970209456799,7,4,5.5,7
spectral_rolloff_mean,0.007919465737335374,1.9175110996116975,0.16716370285948953,8,5,6.5,8
spectral_centroid_mean,0.006944417005208203,0.17594999102994627,0.6751783219720008,9,8,8.5,9
