model,experiment,feature_count,train_size_requested,train_size_actual,actual_condition_recordings,train_snr,evaluation_snr,evaluation_split,validation_f1,validation_balanced_accuracy,validation_drone_recall,hyperparameters,model_path,accuracy,precision,recall,f1,roc_auc,balanced_accuracy,drone_recall,non_drone_recall,confusion_matrix,nasa_labeled_rows,nasa_recordings,predicted_drone_fraction,mean_drone_probability,std_drone_probability,drone_probability_q10,drone_probability_median,drone_probability_q90,test_sample_count
mlp,matched_snr,4,24,24,24,clean,clean,test,0.8108108108108109,0.7305217934124041,0.9336099585062241,"{""activation"": ""relu"", ""batch_size"": 16, ""early_stopping"": true, ""early_stopping_source"": ""fixed recording-disjoint validation split"", ""hidden_layer_sizes"": [16, 8], ""n_iter"": 11, ""solver"": ""adam""}",/Users/srikarreddy/Documents/hackathon/hackathon3/QSky-Mizzou-Quantum-Hackathon/models/mlp/mlp_f4_n24_train_snr_clean.joblib,0.7308488612836439,0.6758691206543967,0.9005449591280654,0.772196261682243,0.8174348811950992,0.728594157885711,0.9005449591280654,0.5566433566433566,"[[398, 317], [73, 661]]",,,,,,,,,
mlp,matched_snr,4,24,24,24,20,20,test,0.8045427375971309,0.7172139680839988,0.9308437067773168,"{""activation"": ""relu"", ""batch_size"": 16, ""early_stopping"": true, ""early_stopping_source"": ""fixed recording-disjoint validation split"", ""hidden_layer_sizes"": [16, 8], ""n_iter"": 18, ""solver"": ""adam""}",/Users/srikarreddy/Documents/hackathon/hackathon3/QSky-Mizzou-Quantum-Hackathon/models/mlp/mlp_f4_n24_train_snr_20.joblib,0.7292971468336813,0.6787564766839378,0.8923705722070845,0.7710417892878164,0.7908457719156128,0.7257016445672692,0.8923705722070845,0.5590327169274538,"[[393, 310], [79, 655]]",,,,,,,,,
mlp,matched_snr,4,24,24,24,10,10,test,0.7875523638539796,0.6951917785808831,0.9100968188105117,"{""activation"": ""relu"", ""batch_size"": 16, ""early_stopping"": true, ""early_stopping_source"": ""fixed recording-disjoint validation split"", ""hidden_layer_sizes"": [16, 8], ""n_iter"": 16, ""solver"": ""adam""}",/Users/srikarreddy/Documents/hackathon/hackathon3/QSky-Mizzou-Quantum-Hackathon/models/mlp/mlp_f4_n24_train_snr_10.joblib,0.6951983298538622,0.6468253968253969,0.888283378746594,0.748564867967853,0.7599020934027387,0.6909411203832543,0.888283378746594,0.49359886201991465,"[[347, 356], [82, 652]]",,,,,,,,,
mlp,matched_snr,4,24,24,24,5,5,test,0.7641618497109827,0.6470872559080295,0.9142461964038727,"{""activation"": ""relu"", ""batch_size"": 16, ""early_stopping"": true, ""early_stopping_source"": ""fixed recording-disjoint validation split"", ""hidden_layer_sizes"": [16, 8], ""n_iter"": 8, ""solver"": ""adam""}",/Users/srikarreddy/Documents/hackathon/hackathon3/QSky-Mizzou-Quantum-Hackathon/models/mlp/mlp_f4_n24_train_snr_5.joblib,0.6443980514961726,0.6014558689717925,0.9005449591280654,0.7212220403709766,0.7083286498889539,0.6387504311998791,0.9005449591280654,0.37695590327169276,"[[265, 438], [73, 661]]",,,,,,,,,
mlp,matched_snr,4,24,24,24,0,0,test,0.7193995381062356,0.5849655705765999,0.8616874135546335,"{""activation"": ""relu"", ""batch_size"": 16, ""early_stopping"": true, ""early_stopping_source"": ""fixed recording-disjoint validation split"", ""hidden_layer_sizes"": [16, 8], ""n_iter"": 9, ""solver"": ""adam""}",/Users/srikarreddy/Documents/hackathon/hackathon3/QSky-Mizzou-Quantum-Hackathon/models/mlp/mlp_f4_n24_train_snr_0.joblib,0.5622825330549757,0.5505293551491819,0.779291553133515,0.6452340665538635,0.5833175065212926,0.5574978391556622,0.779291553133515,0.3357041251778094,"[[236, 467], [162, 572]]",,,,,,,,,
mlp,clean_model_noise_robustness,4,24,24,24,clean,clean,test,0.8108108108108109,0.7305217934124041,0.9336099585062241,"{""trained_snr"": ""clean""}",/Users/srikarreddy/Documents/hackathon/hackathon3/QSky-Mizzou-Quantum-Hackathon/models/mlp/mlp_f4_n24_train_snr_clean.joblib,0.7308488612836439,0.6758691206543967,0.9005449591280654,0.772196261682243,0.8174348811950992,0.728594157885711,0.9005449591280654,0.5566433566433566,"[[398, 317], [73, 661]]",,,,,,,,,
mlp,clean_model_noise_robustness,4,24,24,24,clean,20,test,0.8108108108108109,0.7305217934124041,0.9336099585062241,"{""trained_snr"": ""clean""}",/Users/srikarreddy/Documents/hackathon/hackathon3/QSky-Mizzou-Quantum-Hackathon/models/mlp/mlp_f4_n24_train_snr_clean.joblib,0.7153792623521225,0.6694473409801877,0.8746594005449592,0.7584170112226817,0.7919484808198417,0.7118673958628068,0.8746594005449592,0.5490753911806543,"[[386, 317], [92, 642]]",,,,,,,,,
mlp,clean_model_noise_robustness,4,24,24,24,clean,10,test,0.8108108108108109,0.7305217934124041,0.9336099585062241,"{""trained_snr"": ""clean""}",/Users/srikarreddy/Documents/hackathon/hackathon3/QSky-Mizzou-Quantum-Hackathon/models/mlp/mlp_f4_n24_train_snr_clean.joblib,0.6986778009742519,0.6589229144667371,0.8501362397820164,0.7424152290303391,0.7653245530056085,0.6953383901612784,0.8501362397820164,0.5405405405405406,"[[380, 323], [110, 624]]",,,,,,,,,
mlp,clean_model_noise_robustness,4,24,24,24,clean,5,test,0.8108108108108109,0.7305217934124041,0.9336099585062241,"{""trained_snr"": ""clean""}",/Users/srikarreddy/Documents/hackathon/hackathon3/QSky-Mizzou-Quantum-Hackathon/models/mlp/mlp_f4_n24_train_snr_clean.joblib,0.6541405706332637,0.6272824919441461,0.7956403269754768,0.7015015015015015,0.7274448548649037,0.651020732477781,0.7956403269754768,0.5064011379800853,"[[356, 347], [150, 584]]",,,,,,,,,
mlp,clean_model_noise_robustness,4,24,24,24,clean,0,test,0.8108108108108109,0.7305217934124041,0.9336099585062241,"{""trained_snr"": ""clean""}",/Users/srikarreddy/Documents/hackathon/hackathon3/QSky-Mizzou-Quantum-Hackathon/models/mlp/mlp_f4_n24_train_snr_clean.joblib,0.6242171189979123,0.6080178173719376,0.7438692098092643,0.6691176470588235,0.6735729706474006,0.6215789861279608,0.7438692098092643,0.4992887624466572,"[[351, 352], [188, 546]]",,,,,,,,,
mlp,matched_snr,4,50,50,50,clean,clean,test,0.7970627503337784,0.7553409466456138,0.8257261410788381,"{""activation"": ""relu"", ""batch_size"": 16, ""early_stopping"": true, ""early_stopping_source"": ""fixed recording-disjoint validation split"", ""hidden_layer_sizes"": [16, 8], ""n_iter"": 68, ""solver"": ""adam""}",/Users/srikarreddy/Documents/hackathon/hackathon3/QSky-Mizzou-Quantum-Hackathon/models/mlp/mlp_f4_n50_train_snr_clean.joblib,0.7432712215320911,0.731457800511509,0.779291553133515,0.7546174142480211,0.8152226520073931,0.7427926297136106,0.779291553133515,0.7062937062937062,"[[505, 210], [162, 572]]",,,,,,,,,
mlp,matched_snr,4,50,50,50,20,20,test,0.7691292875989446,0.7150091464774908,0.8063623789764869,"{""activation"": ""relu"", ""batch_size"": 16, ""early_stopping"": true, ""early_stopping_source"": ""fixed recording-disjoint validation split"", ""hidden_layer_sizes"": [16, 8], ""n_iter"": 45, ""solver"": ""adam""}",/Users/srikarreddy/Documents/hackathon/hackathon3/QSky-Mizzou-Quantum-Hackathon/models/mlp/mlp_f4_n50_train_snr_20.joblib,0.6965901183020181,0.7013513513513514,0.7070844686648501,0.7042062415196744,0.7572625687497335,0.6963587350436626,0.7070844686648501,0.6856330014224751,"[[482, 221], [215, 519]]",,,,,,,,,
mlp,matched_snr,4,50,50,50,10,10,test,0.7259985984583042,0.6915629322268326,0.7164591977869986,"{""activation"": ""relu"", ""batch_size"": 16, ""early_stopping"": true, ""early_stopping_source"": ""fixed recording-disjoint validation split"", ""hidden_layer_sizes"": [16, 8], ""n_iter"": 17, ""solver"": ""adam""}",/Users/srikarreddy/Documents/hackathon/hackathon3/QSky-Mizzou-Quantum-Hackathon/models/mlp/mlp_f4_n50_train_snr_10.joblib,0.6812804453723034,0.7029411764705882,0.6512261580381471,0.6760961810466761,0.7253266460207517,0.6819430932438246,0.6512261580381471,0.7126600284495022,"[[501, 202], [256, 478]]",,,,,,,,,
mlp,matched_snr,4,50,50,50,5,5,test,0.7094594594594594,0.6551852347595889,0.7261410788381742,"{""activation"": ""relu"", ""batch_size"": 16, ""early_stopping"": true, ""early_stopping_source"": ""fixed recording-disjoint validation split"", ""hidden_layer_sizes"": [16, 8], ""n_iter"": 29, ""solver"": ""adam""}",/Users/srikarreddy/Documents/hackathon/hackathon3/QSky-Mizzou-Quantum-Hackathon/models/mlp/mlp_f4_n50_train_snr_5.joblib,0.6283924843423799,0.6282051282051282,0.667574931880109,0.6472919418758256,0.6673288088030667,0.6275285754706377,0.667574931880109,0.5874822190611664,"[[413, 290], [244, 490]]",,,,,,,,,
mlp,matched_snr,4,50,50,50,0,0,test,0.6559786239144957,0.5859731703326938,0.6791147994467497,"{""activation"": ""relu"", ""batch_size"": 16, ""early_stopping"": true, ""early_stopping_source"": ""fixed recording-disjoint validation split"", ""hidden_layer_sizes"": [16, 8], ""n_iter"": 80, ""solver"": ""adam""}",/Users/srikarreddy/Documents/hackathon/hackathon3/QSky-Mizzou-Quantum-Hackathon/models/mlp/mlp_f4_n50_train_snr_0.joblib,0.6026443980514962,0.5950991831971996,0.6948228882833788,0.6411062225015713,0.6305305018197604,0.6006120131317321,0.6948228882833788,0.5064011379800853,"[[356, 347], [224, 510]]",,,,,,,,,
mlp,clean_model_noise_robustness,4,50,50,50,clean,clean,test,0.7970627503337784,0.7553409466456138,0.8257261410788381,"{""trained_snr"": ""clean""}",/Users/srikarreddy/Documents/hackathon/hackathon3/QSky-Mizzou-Quantum-Hackathon/models/mlp/mlp_f4_n50_train_snr_clean.joblib,0.7432712215320911,0.731457800511509,0.779291553133515,0.7546174142480211,0.8152226520073931,0.7427926297136106,0.779291553133515,0.7062937062937062,"[[505, 210], [162, 572]]",,,,,,,,,
mlp,clean_model_noise_robustness,4,50,50,50,clean,20,test,0.7970627503337784,0.7553409466456138,0.8257261410788381,"{""trained_snr"": ""clean""}",/Users/srikarreddy/Documents/hackathon/hackathon3/QSky-Mizzou-Quantum-Hackathon/models/mlp/mlp_f4_n50_train_snr_clean.joblib,0.720946416144746,0.7099621689785625,0.7670299727520435,0.7373935821872953,0.7769989263607505,0.719930349107174,0.7670299727520435,0.6728307254623044,"[[473, 230], [171, 563]]",,,,,,,,,
mlp,clean_model_noise_robustness,4,50,50,50,clean,10,test,0.7970627503337784,0.7553409466456138,0.8257261410788381,"{""trained_snr"": ""clean""}",/Users/srikarreddy/Documents/hackathon/hackathon3/QSky-Mizzou-Quantum-Hackathon/models/mlp/mlp_f4_n50_train_snr_clean.joblib,0.708420320111343,0.703751617076326,0.7411444141689373,0.7219641672196416,0.7550571509412753,0.7076988073689636,0.7411444141689373,0.6742532005689901,"[[474, 229], [190, 544]]",,,,,,,,,
mlp,clean_model_noise_robustness,4,50,50,50,clean,5,test,0.7970627503337784,0.7553409466456138,0.8257261410788381,"{""trained_snr"": ""clean""}",/Users/srikarreddy/Documents/hackathon/hackathon3/QSky-Mizzou-Quantum-Hackathon/models/mlp/mlp_f4_n50_train_snr_clean.joblib,0.6673625608907446,0.6833810888252149,0.6498637602179836,0.6662011173184358,0.7114507308111209,0.6677483808202294,0.6498637602179836,0.6856330014224751,"[[482, 221], [257, 477]]",,,,,,,,,
mlp,clean_model_noise_robustness,4,50,50,50,clean,0,test,0.7970627503337784,0.7553409466456138,0.8257261410788381,"{""trained_snr"": ""clean""}",/Users/srikarreddy/Documents/hackathon/hackathon3/QSky-Mizzou-Quantum-Hackathon/models/mlp/mlp_f4_n50_train_snr_clean.joblib,0.627000695894224,0.6576433121019108,0.5626702997275205,0.6064610866372981,0.6543889364769904,0.6284190758950547,0.5626702997275205,0.6941678520625889,"[[488, 215], [321, 413]]",,,,,,,,,
mlp,matched_snr,4,70,70,70,clean,clean,test,0.8059895833333334,0.7563960391192058,0.8561549100968188,"{""activation"": ""relu"", ""batch_size"": 16, ""early_stopping"": true, ""early_stopping_source"": ""fixed recording-disjoint validation split"", ""hidden_layer_sizes"": [16, 8], ""n_iter"": 53, ""solver"": ""adam""}",/Users/srikarreddy/Documents/hackathon/hackathon3/QSky-Mizzou-Quantum-Hackathon/models/mlp/mlp_f4_n70_train_snr_clean.joblib,0.7115251897860594,0.6894484412470024,0.7833787465940054,0.7334183673469388,0.7743526228539852,0.7105704921781215,0.7833787465940054,0.6377622377622377,"[[456, 259], [159, 575]]",,,,,,,,,
mlp,matched_snr,4,70,70,70,20,20,test,0.7703225806451612,0.7067698805752614,0.8257261410788381,"{""activation"": ""relu"", ""batch_size"": 16, ""early_stopping"": true, ""early_stopping_source"": ""fixed recording-disjoint validation split"", ""hidden_layer_sizes"": [16, 8], ""n_iter"": 18, ""solver"": ""adam""}",/Users/srikarreddy/Documents/hackathon/hackathon3/QSky-Mizzou-Quantum-Hackathon/models/mlp/mlp_f4_n70_train_snr_20.joblib,0.6958942240779401,0.6795646916565901,0.7656675749318801,0.7200512491992312,0.7362742780066744,0.6943558358300936,0.7656675749318801,0.6230440967283073,"[[438, 265], [172, 562]]",,,,,,,,,
mlp,matched_snr,4,70,70,70,10,10,test,0.7117962466487936,0.6539582682669285,0.7344398340248963,"{""activation"": ""relu"", ""batch_size"": 16, ""early_stopping"": true, ""early_stopping_source"": ""fixed recording-disjoint validation split"", ""hidden_layer_sizes"": [16, 8], ""n_iter"": 3, ""solver"": ""adam""}",/Users/srikarreddy/Documents/hackathon/hackathon3/QSky-Mizzou-Quantum-Hackathon/models/mlp/mlp_f4_n70_train_snr_10.joblib,0.6631871955462769,0.6606683804627249,0.7002724795640327,0.6798941798941799,0.6988810120891005,0.6623695256995128,0.7002724795640327,0.6244665718349929,"[[439, 264], [220, 514]]",,,,,,,,,
mlp,matched_snr,4,70,70,70,5,5,test,0.7032967032967034,0.6253141777837267,0.7524204702627939,"{""activation"": ""relu"", ""batch_size"": 16, ""early_stopping"": true, ""early_stopping_source"": ""fixed recording-disjoint validation split"", ""hidden_layer_sizes"": [16, 8], ""n_iter"": 31, ""solver"": ""adam""}",/Users/srikarreddy/Documents/hackathon/hackathon3/QSky-Mizzou-Quantum-Hackathon/models/mlp/mlp_f4_n70_train_snr_5.joblib,0.6437021572720947,0.6196120689655172,0.7833787465940054,0.6919374247894103,0.6725128972368324,0.6406225169669885,0.7833787465940054,0.49786628733997157,"[[350, 353], [159, 575]]",,,,,,,,,
mlp,matched_snr,4,70,70,70,0,0,test,0.6631158455392809,0.5926062255536222,0.6887966804979253,"{""activation"": ""relu"", ""batch_size"": 16, ""early_stopping"": true, ""early_stopping_source"": ""fixed recording-disjoint validation split"", ""hidden_layer_sizes"": [16, 8], ""n_iter"": 25, ""solver"": ""adam""}",/Users/srikarreddy/Documents/hackathon/hackathon3/QSky-Mizzou-Quantum-Hackathon/models/mlp/mlp_f4_n70_train_snr_0.joblib,0.6033402922755741,0.5877944325481799,0.7479564032697548,0.658273381294964,0.6410013914674749,0.600151743597893,0.7479564032697548,0.4523470839260313,"[[318, 385], [185, 549]]",,,,,,,,,
mlp,clean_model_noise_robustness,4,70,70,70,clean,clean,test,0.8059895833333334,0.7563960391192058,0.8561549100968188,"{""trained_snr"": ""clean""}",/Users/srikarreddy/Documents/hackathon/hackathon3/QSky-Mizzou-Quantum-Hackathon/models/mlp/mlp_f4_n70_train_snr_clean.joblib,0.7115251897860594,0.6894484412470024,0.7833787465940054,0.7334183673469388,0.7743526228539852,0.7105704921781215,0.7833787465940054,0.6377622377622377,"[[456, 259], [159, 575]]",,,,,,,,,
mlp,clean_model_noise_robustness,4,70,70,70,clean,20,test,0.8059895833333334,0.7563960391192058,0.8561549100968188,"{""trained_snr"": ""clean""}",/Users/srikarreddy/Documents/hackathon/hackathon3/QSky-Mizzou-Quantum-Hackathon/models/mlp/mlp_f4_n70_train_snr_clean.joblib,0.7049408489909533,0.6802325581395349,0.7970027247956403,0.7340025094102886,0.7547121910380192,0.7029110352285456,0.7970027247956403,0.6088193456614509,"[[428, 275], [149, 585]]",,,,,,,,,
mlp,clean_model_noise_robustness,4,70,70,70,clean,10,test,0.8059895833333334,0.7563960391192058,0.8561549100968188,"{""trained_snr"": ""clean""}",/Users/srikarreddy/Documents/hackathon/hackathon3/QSky-Mizzou-Quantum-Hackathon/models/mlp/mlp_f4_n70_train_snr_clean.joblib,0.6903270702853166,0.6690058479532164,0.779291553133515,0.7199496538703587,0.732607625551839,0.6883655489707404,0.779291553133515,0.5974395448079659,"[[420, 283], [162, 572]]",,,,,,,,,
mlp,clean_model_noise_robustness,4,70,70,70,clean,5,test,0.8059895833333334,0.7563960391192058,0.8561549100968188,"{""trained_snr"": ""clean""}",/Users/srikarreddy/Documents/hackathon/hackathon3/QSky-Mizzou-Quantum-Hackathon/models/mlp/mlp_f4_n70_train_snr_clean.joblib,0.6541405706332637,0.6425992779783394,0.7275204359673024,0.6824281150159744,0.6883955876140014,0.6525226646408346,0.7275204359673024,0.577524893314367,"[[406, 297], [200, 534]]",,,,,,,,,
mlp,clean_model_noise_robustness,4,70,70,70,clean,0,test,0.8059895833333334,0.7563960391192058,0.8561549100968188,"{""trained_snr"": ""clean""}",/Users/srikarreddy/Documents/hackathon/hackathon3/QSky-Mizzou-Quantum-Hackathon/models/mlp/mlp_f4_n70_train_snr_clean.joblib,0.6005567153792624,0.6030927835051546,0.6376021798365122,0.6198675496688741,0.630618679772559,0.5997399234886687,0.6376021798365122,0.561877667140825,"[[395, 308], [266, 468]]",,,,,,,,,
mlp,matched_snr,5,24,24,24,clean,clean,test,0.8389993585631815,0.7912202107736936,0.9045643153526971,"{""activation"": ""relu"", ""batch_size"": 16, ""early_stopping"": true, ""early_stopping_source"": ""fixed recording-disjoint validation split"", ""hidden_layer_sizes"": [16, 8], ""n_iter"": 27, ""solver"": ""adam""}",/Users/srikarreddy/Documents/hackathon/hackathon3/QSky-Mizzou-Quantum-Hackathon/models/mlp/mlp_f5_n24_train_snr_clean.joblib,0.7915804002760525,0.7373626373626374,0.9141689373297003,0.816301703163017,0.8356948228882833,0.789951601531983,0.9141689373297003,0.6657342657342658,"[[476, 239], [63, 671]]",,,,,,,,,
mlp,matched_snr,5,24,24,24,20,20,test,0.8029465930018416,0.7264757060634452,0.9045643153526971,"{""activation"": ""relu"", ""batch_size"": 16, ""early_stopping"": true, ""early_stopping_source"": ""fixed recording-disjoint validation split"", ""hidden_layer_sizes"": [16, 8], ""n_iter"": 18, ""solver"": ""adam""}",/Users/srikarreddy/Documents/hackathon/hackathon3/QSky-Mizzou-Quantum-Hackathon/models/mlp/mlp_f5_n24_train_snr_20.joblib,0.7640918580375783,0.7038183694530443,0.9291553133514986,0.8009395184967704,0.828256479626048,0.7604524788663609,0.9291553133514986,0.5917496443812233,"[[416, 287], [52, 682]]",,,,,,,,,
mlp,matched_snr,5,24,24,24,10,10,test,0.7875076546233926,0.7054276535938964,0.8893499308437067,"{""activation"": ""relu"", ""batch_size"": 16, ""early_stopping"": true, ""early_stopping_source"": ""fixed recording-disjoint validation split"", ""hidden_layer_sizes"": [16, 8], ""n_iter"": 36, ""solver"": ""adam""}",/Users/srikarreddy/Documents/hackathon/hackathon3/QSky-Mizzou-Quantum-Hackathon/models/mlp/mlp_f5_n24_train_snr_10.joblib,0.7292971468336813,0.6780185758513931,0.8950953678474114,0.7715795654726952,0.7713632892895764,0.725641567280747,0.8950953678474114,0.5561877667140825,"[[391, 312], [77, 657]]",,,,,,,,,
mlp,matched_snr,5,24,24,24,5,5,test,0.7535092644581696,0.6172645339758176,0.9280774550484094,"{""activation"": ""relu"", ""batch_size"": 16, ""early_stopping"": true, ""early_stopping_source"": ""fixed recording-disjoint validation split"", ""hidden_layer_sizes"": [16, 8], ""n_iter"": 6, ""solver"": ""adam""}",/Users/srikarreddy/Documents/hackathon/hackathon3/QSky-Mizzou-Quantum-Hackathon/models/mlp/mlp_f5_n24_train_snr_5.joblib,0.6409185803757829,0.5962897526501767,0.9196185286103542,0.7234726688102894,0.7377141949062213,0.63477370242751,0.9196185286103542,0.34992887624466573,"[[246, 457], [59, 675]]",,,,,,,,,
mlp,matched_snr,5,24,24,24,0,0,test,0.7311715481171548,0.544334389268133,0.966804979253112,"{""activation"": ""relu"", ""batch_size"": 16, ""early_stopping"": true, ""early_stopping_source"": ""fixed recording-disjoint validation split"", ""hidden_layer_sizes"": [16, 8], ""n_iter"": 8, ""solver"": ""adam""}",/Users/srikarreddy/Documents/hackathon/hackathon3/QSky-Mizzou-Quantum-Hackathon/models/mlp/mlp_f5_n24_train_snr_0.joblib,0.5657620041753654,0.5412293853073463,0.9836512261580381,0.6982591876208898,0.6636020790617091,0.5565482304332153,0.9836512261580381,0.12944523470839261,"[[91, 612], [12, 722]]",,,,,,,,,
mlp,clean_model_noise_robustness,5,24,24,24,clean,clean,test,0.8389993585631815,0.7912202107736936,0.9045643153526971,"{""trained_snr"": ""clean""}",/Users/srikarreddy/Documents/hackathon/hackathon3/QSky-Mizzou-Quantum-Hackathon/models/mlp/mlp_f5_n24_train_snr_clean.joblib,0.7915804002760525,0.7373626373626374,0.9141689373297003,0.816301703163017,0.8356948228882833,0.789951601531983,0.9141689373297003,0.6657342657342658,"[[476, 239], [63, 671]]",,,,,,,,,
mlp,clean_model_noise_robustness,5,24,24,24,clean,20,test,0.8389993585631815,0.7912202107736936,0.9045643153526971,"{""trained_snr"": ""clean""}",/Users/srikarreddy/Documents/hackathon/hackathon3/QSky-Mizzou-Quantum-Hackathon/models/mlp/mlp_f5_n24_train_snr_clean.joblib,0.7195546276965901,0.669050051072523,0.8923705722070845,0.7647402218330415,0.7932914988701595,0.7157443188204697,0.8923705722070845,0.5391180654338549,"[[379, 324], [79, 655]]",,,,,,,,,
mlp,clean_model_noise_robustness,5,24,24,24,clean,10,test,0.8389993585631815,0.7912202107736936,0.9045643153526971,"{""trained_snr"": ""clean""}",/Users/srikarreddy/Documents/hackathon/hackathon3/QSky-Mizzou-Quantum-Hackathon/models/mlp/mlp_f5_n24_train_snr_clean.joblib,0.7042449547668754,0.6578140960163432,0.8773841961852861,0.7518972562755399,0.7583943473087313,0.7004275177227994,0.8773841961852861,0.5234708392603129,"[[368, 335], [90, 644]]",,,,,,,,,
mlp,clean_model_noise_robustness,5,24,24,24,clean,5,test,0.8389993585631815,0.7912202107736936,0.9045643153526971,"{""trained_snr"": ""clean""}",/Users/srikarreddy/Documents/hackathon/hackathon3/QSky-Mizzou-Quantum-Hackathon/models/mlp/mlp_f5_n24_train_snr_clean.joblib,0.6757132915796799,0.6431623931623932,0.8201634877384196,0.7209580838323353,0.7229080507439893,0.6725284010527091,0.8201634877384196,0.5248933143669986,"[[369, 334], [132, 602]]",,,,,,,,,
mlp,clean_model_noise_robustness,5,24,24,24,clean,0,test,0.8389993585631815,0.7912202107736936,0.9045643153526971,"{""trained_snr"": ""clean""}",/Users/srikarreddy/Documents/hackathon/hackathon3/QSky-Mizzou-Quantum-Hackathon/models/mlp/mlp_f5_n24_train_snr_clean.joblib,0.6290883785664579,0.6192170818505338,0.7111716621253406,0.6620164870006341,0.6691563210995306,0.6272785764396263,0.7111716621253406,0.5433854907539118,"[[382, 321], [212, 522]]",,,,,,,,,
mlp,matched_snr,5,50,50,50,clean,clean,test,0.8015267175572519,0.7418793375683913,0.8713692946058091,"{""activation"": ""relu"", ""batch_size"": 16, ""early_stopping"": true, ""early_stopping_source"": ""fixed recording-disjoint validation split"", ""hidden_layer_sizes"": [16, 8], ""n_iter"": 2, ""solver"": ""adam""}",/Users/srikarreddy/Documents/hackathon/hackathon3/QSky-Mizzou-Quantum-Hackathon/models/mlp/mlp_f5_n50_train_snr_clean.joblib,0.7184265010351967,0.693127962085308,0.7970027247956403,0.7414448669201521,0.7654236771402984,0.717382481278939,0.7970027247956403,0.6377622377622377,"[[456, 259], [149, 585]]",,,,,,,,,
mlp,matched_snr,5,50,50,50,20,20,test,0.7967171717171717,0.7302830202709737,0.8727524204702628,"{""activation"": ""relu"", ""batch_size"": 16, ""early_stopping"": true, ""early_stopping_source"": ""fixed recording-disjoint validation split"", ""hidden_layer_sizes"": [16, 8], ""n_iter"": 2, ""solver"": ""adam""}",/Users/srikarreddy/Documents/hackathon/hackathon3/QSky-Mizzou-Quantum-Hackathon/models/mlp/mlp_f5_n50_train_snr_20.joblib,0.7181628392484343,0.6970059880239521,0.7929155313351499,0.7418738049713193,0.7638187448885857,0.7165146646718423,0.7929155313351499,0.6401137980085349,"[[450, 253], [152, 582]]",,,,,,,,,
mlp,matched_snr,5,50,50,50,10,10,test,0.7896360271437385,0.7114174809262481,0.8852005532503457,"{""activation"": ""relu"", ""batch_size"": 16, ""early_stopping"": true, ""early_stopping_source"": ""fixed recording-disjoint validation split"", ""hidden_layer_sizes"": [16, 8], ""n_iter"": 2, ""solver"": ""adam""}",/Users/srikarreddy/Documents/hackathon/hackathon3/QSky-Mizzou-Quantum-Hackathon/models/mlp/mlp_f5_n50_train_snr_10.joblib,0.6798886569241476,0.6515486725663717,0.8024523160762943,0.7191697191697192,0.7390358952097085,0.6771863287351599,0.8024523160762943,0.5519203413940256,"[[388, 315], [145, 589]]",,,,,,,,,
mlp,matched_snr,5,50,50,50,5,5,test,0.7566585956416465,0.6598253989500141,0.8644536652835408,"{""activation"": ""relu"", ""batch_size"": 16, ""early_stopping"": true, ""early_stopping_source"": ""fixed recording-disjoint validation split"", ""hidden_layer_sizes"": [16, 8], ""n_iter"": 2, ""solver"": ""adam""}",/Users/srikarreddy/Documents/hackathon/hackathon3/QSky-Mizzou-Quantum-Hackathon/models/mlp/mlp_f5_n50_train_snr_5.joblib,0.6283924843423799,0.5968992248062015,0.8392370572207084,0.6976217440543602,0.695382963631924,0.6237437064197425,0.8392370572207084,0.40825035561877665,"[[287, 416], [118, 616]]",,,,,,,,,
mlp,matched_snr,5,50,50,50,0,0,test,0.7300469483568075,0.6084675560314698,0.8603042876901799,"{""activation"": ""relu"", ""batch_size"": 16, ""early_stopping"": true, ""early_stopping_source"": ""fixed recording-disjoint validation split"", ""hidden_layer_sizes"": [16, 8], ""n_iter"": 2, ""solver"": ""adam""}",/Users/srikarreddy/Documents/hackathon/hackathon3/QSky-Mizzou-Quantum-Hackathon/models/mlp/mlp_f5_n50_train_snr_0.joblib,0.5650661099512874,0.5469422911283376,0.8651226158038147,0.6701846965699209,0.6407513924364634,0.5584503548435858,0.8651226158038147,0.25177809388335703,"[[177, 526], [99, 635]]",,,,,,,,,
mlp,clean_model_noise_robustness,5,50,50,50,clean,clean,test,0.8015267175572519,0.7418793375683913,0.8713692946058091,"{""trained_snr"": ""clean""}",/Users/srikarreddy/Documents/hackathon/hackathon3/QSky-Mizzou-Quantum-Hackathon/models/mlp/mlp_f5_n50_train_snr_clean.joblib,0.7184265010351967,0.693127962085308,0.7970027247956403,0.7414448669201521,0.7654236771402984,0.717382481278939,0.7970027247956403,0.6377622377622377,"[[456, 259], [149, 585]]",,,,,,,,,
mlp,clean_model_noise_robustness,5,50,50,50,clean,20,test,0.8015267175572519,0.7418793375683913,0.8713692946058091,"{""trained_snr"": ""clean""}",/Users/srikarreddy/Documents/hackathon/hackathon3/QSky-Mizzou-Quantum-Hackathon/models/mlp/mlp_f5_n50_train_snr_clean.joblib,0.7070285316631872,0.6901579586877278,0.773841961852861,0.7296082209377007,0.7569815620869688,0.7055554048240122,0.773841961852861,0.6372688477951636,"[[448, 255], [166, 568]]",,,,,,,,,
mlp,clean_model_noise_robustness,5,50,50,50,clean,10,test,0.8015267175572519,0.7418793375683913,0.8713692946058091,"{""trained_snr"": ""clean""}",/Users/srikarreddy/Documents/hackathon/hackathon3/QSky-Mizzou-Quantum-Hackathon/models/mlp/mlp_f5_n50_train_snr_clean.joblib,0.6910229645093946,0.6826196473551638,0.7384196185286104,0.7094240837696335,0.7397258150162209,0.6899779458219154,0.7384196185286104,0.6415362731152204,"[[451, 252], [192, 542]]",,,,,,,,,
mlp,clean_model_noise_robustness,5,50,50,50,clean,5,test,0.8015267175572519,0.7418793375683913,0.8713692946058091,"{""trained_snr"": ""clean""}",/Users/srikarreddy/Documents/hackathon/hackathon3/QSky-Mizzou-Quantum-Hackathon/models/mlp/mlp_f5_n50_train_snr_clean.joblib,0.6548364648573417,0.6608108108108108,0.6662125340599455,0.6635006784260515,0.7132491734528161,0.6545856411409259,0.6662125340599455,0.6429587482219061,"[[452, 251], [245, 489]]",,,,,,,,,
mlp,clean_model_noise_robustness,5,50,50,50,clean,0,test,0.8015267175572519,0.7418793375683913,0.8713692946058091,"{""trained_snr"": ""clean""}",/Users/srikarreddy/Documents/hackathon/hackathon3/QSky-Mizzou-Quantum-Hackathon/models/mlp/mlp_f5_n50_train_snr_clean.joblib,0.60473208072373,0.6288819875776398,0.5517711171662125,0.5878084179970973,0.6678501246119202,0.605899783334173,0.5517711171662125,0.6600284495021337,"[[464, 239], [329, 405]]",,,,,,,,,
mlp,matched_snr,5,70,70,70,clean,clean,test,0.8138424821002387,0.7318229109291423,0.9432918395573997,"{""activation"": ""relu"", ""batch_size"": 16, ""early_stopping"": true, ""early_stopping_source"": ""fixed recording-disjoint validation split"", ""hidden_layer_sizes"": [16, 8], ""n_iter"": 1, ""solver"": ""adam""}",/Users/srikarreddy/Documents/hackathon/hackathon3/QSky-Mizzou-Quantum-Hackathon/models/mlp/mlp_f5_n70_train_snr_clean.joblib,0.7315389924085576,0.6699507389162561,0.9264305177111717,0.7775871926815323,0.7775594977229856,0.7289495245898516,0.9264305177111717,0.5314685314685315,"[[380, 335], [54, 680]]",,,,,,,,,
mlp,matched_snr,5,70,70,70,20,20,test,0.7906178489702517,0.6785868320468775,0.9557399723374828,"{""activation"": ""relu"", ""batch_size"": 16, ""early_stopping"": true, ""early_stopping_source"": ""fixed recording-disjoint validation split"", ""hidden_layer_sizes"": [16, 8], ""n_iter"": 1, ""solver"": ""adam""}",/Users/srikarreddy/Documents/hackathon/hackathon3/QSky-Mizzou-Quantum-Hackathon/models/mlp/mlp_f5_n70_train_snr_20.joblib,0.6819763395963814,0.6271808999081726,0.9305177111716622,0.7493143170597916,0.780095813582118,0.6764964089286476,0.9305177111716622,0.422475106685633,"[[297, 406], [51, 683]]",,,,,,,,,
mlp,matched_snr,5,70,70,70,10,10,test,0.7730812013348165,0.6401344457829534,0.9612724757952974,"{""activation"": ""relu"", ""batch_size"": 16, ""early_stopping"": true, ""early_stopping_source"": ""fixed recording-disjoint validation split"", ""hidden_layer_sizes"": [16, 8], ""n_iter"": 1, ""solver"": ""adam""}",/Users/srikarreddy/Documents/hackathon/hackathon3/QSky-Mizzou-Quantum-Hackathon/models/mlp/mlp_f5_n70_train_snr_10.joblib,0.6283924843423799,0.5863557858376511,0.9250681198910081,0.7177589852008457,0.7595203119367754,0.621851271894295,0.9250681198910081,0.3186344238975818,"[[224, 479], [55, 679]]",,,,,,,,,
mlp,matched_snr,5,70,70,70,5,5,test,0.7538179596823458,0.6605652969258912,0.8533886583679114,"{""activation"": ""relu"", ""batch_size"": 16, ""early_stopping"": true, ""early_stopping_source"": ""fixed recording-disjoint validation split"", ""hidden_layer_sizes"": [16, 8], ""n_iter"": 2, ""solver"": ""adam""}",/Users/srikarreddy/Documents/hackathon/hackathon3/QSky-Mizzou-Quantum-Hackathon/models/mlp/mlp_f5_n70_train_snr_5.joblib,0.6604036186499652,0.6283924843423799,0.8201634877384196,0.7115839243498818,0.7274564827268112,0.6568811748791672,0.8201634877384196,0.49359886201991465,"[[347, 356], [132, 602]]",,,,,,,,,
mlp,matched_snr,5,70,70,70,0,0,test,0.7353443369379624,0.5990794033224766,0.8934993084370678,"{""activation"": ""relu"", ""batch_size"": 16, ""early_stopping"": true, ""early_stopping_source"": ""fixed recording-disjoint validation split"", ""hidden_layer_sizes"": [16, 8], ""n_iter"": 2, ""solver"": ""adam""}",/Users/srikarreddy/Documents/hackathon/hackathon3/QSky-Mizzou-Quantum-Hackathon/models/mlp/mlp_f5_n70_train_snr_0.joblib,0.592901878914405,0.5654082528533801,0.8773841961852861,0.6876668446342765,0.6830826237107608,0.5866295091879489,0.8773841961852861,0.2958748221906117,"[[208, 495], [90, 644]]",,,,,,,,,
mlp,clean_model_noise_robustness,5,70,70,70,clean,clean,test,0.8138424821002387,0.7318229109291423,0.9432918395573997,"{""trained_snr"": ""clean""}",/Users/srikarreddy/Documents/hackathon/hackathon3/QSky-Mizzou-Quantum-Hackathon/models/mlp/mlp_f5_n70_train_snr_clean.joblib,0.7315389924085576,0.6699507389162561,0.9264305177111717,0.7775871926815323,0.7775594977229856,0.7289495245898516,0.9264305177111717,0.5314685314685315,"[[380, 335], [54, 680]]",,,,,,,,,
mlp,clean_model_noise_robustness,5,70,70,70,clean,20,test,0.8138424821002387,0.7318229109291423,0.9432918395573997,"{""trained_snr"": ""clean""}",/Users/srikarreddy/Documents/hackathon/hackathon3/QSky-Mizzou-Quantum-Hackathon/models/mlp/mlp_f5_n70_train_snr_clean.joblib,0.720946416144746,0.6627565982404692,0.9237057220708447,0.771770062606716,0.7737218072798167,0.7164759051321506,0.9237057220708447,0.5092460881934566,"[[358, 345], [56, 678]]",,,,,,,,,
mlp,clean_model_noise_robustness,5,70,70,70,clean,10,test,0.8138424821002387,0.7318229109291423,0.9432918395573997,"{""trained_snr"": ""clean""}",/Users/srikarreddy/Documents/hackathon/hackathon3/QSky-Mizzou-Quantum-Hackathon/models/mlp/mlp_f5_n70_train_snr_clean.joblib,0.6882393876130828,0.6492693110647182,0.8474114441416893,0.735224586288416,0.7546462998205433,0.6847299041476583,0.8474114441416893,0.5220483641536273,"[[367, 336], [112, 622]]",,,,,,,,,
mlp,clean_model_noise_robustness,5,70,70,70,clean,5,test,0.8138424821002387,0.7318229109291423,0.9432918395573997,"{""trained_snr"": ""clean""}",/Users/srikarreddy/Documents/hackathon/hackathon3/QSky-Mizzou-Quantum-Hackathon/models/mlp/mlp_f5_n70_train_snr_clean.joblib,0.662491301322199,0.6366630076838639,0.7901907356948229,0.7051671732522796,0.7187627179739614,0.6596757376909392,0.7901907356948229,0.5291607396870555,"[[372, 331], [154, 580]]",,,,,,,,,
mlp,clean_model_noise_robustness,5,70,70,70,clean,0,test,0.8138424821002387,0.7318229109291423,0.9432918395573997,"{""trained_snr"": ""clean""}",/Users/srikarreddy/Documents/hackathon/hackathon3/QSky-Mizzou-Quantum-Hackathon/models/mlp/mlp_f5_n70_train_snr_clean.joblib,0.6186499652052888,0.6073903002309469,0.7166212534059946,0.6575,0.6681660148604076,0.6164898585664397,0.7166212534059946,0.5163584637268848,"[[363, 340], [208, 526]]",,,,,,,,,
mlp,matched_snr,6,24,24,24,clean,clean,test,0.8721311475409836,0.8386504118777464,0.9197786998616874,"{""activation"": ""relu"", ""batch_size"": 16, ""early_stopping"": true, ""early_stopping_source"": ""fixed recording-disjoint validation split"", ""hidden_layer_sizes"": [16, 8], ""n_iter"": 83, ""solver"": ""adam""}",/Users/srikarreddy/Documents/hackathon/hackathon3/QSky-Mizzou-Quantum-Hackathon/models/mlp/mlp_f6_n24_train_snr_clean.joblib,0.8267770876466529,0.776,0.9250681198910081,0.8440024860161591,0.8627179360149387,0.8254711228825671,0.9250681198910081,0.7258741258741259,"[[519, 196], [55, 679]]",,,,,,,,,
mlp,matched_snr,6,24,24,24,20,20,test,0.8101910828025478,0.7507659245378426,0.8796680497925311,"{""activation"": ""relu"", ""batch_size"": 16, ""early_stopping"": true, ""early_stopping_source"": ""fixed recording-disjoint validation split"", ""hidden_layer_sizes"": [16, 8], ""n_iter"": 12, ""solver"": ""adam""}",/Users/srikarreddy/Documents/hackathon/hackathon3/QSky-Mizzou-Quantum-Hackathon/models/mlp/mlp_f6_n24_train_snr_20.joblib,0.7745302713987474,0.7287946428571429,0.8896457765667575,0.8012269938650307,0.8383901612784447,0.7719921628210743,0.8896457765667575,0.6543385490753911,"[[460, 243], [81, 653]]",,,,,,,,,
mlp,matched_snr,6,24,24,24,10,10,test,0.7770700636942676,0.7094877972605185,0.8437067773167358,"{""activation"": ""relu"", ""batch_size"": 16, ""early_stopping"": true, ""early_stopping_source"": ""fixed recording-disjoint validation split"", ""hidden_layer_sizes"": [16, 8], ""n_iter"": 25, ""solver"": ""adam""}",/Users/srikarreddy/Documents/hackathon/hackathon3/QSky-Mizzou-Quantum-Hackathon/models/mlp/mlp_f6_n24_train_snr_10.joblib,0.7446068197633959,0.7005464480874317,0.8732970027247956,0.7774408732565191,0.786979507831365,0.7417694117464662,0.8732970027247956,0.6102418207681366,"[[429, 274], [93, 641]]",,,,,,,,,
mlp,matched_snr,6,24,24,24,5,5,test,0.7596401028277635,0.6918678148098574,0.8174273858921162,"{""activation"": ""relu"", ""batch_size"": 16, ""early_stopping"": true, ""early_stopping_source"": ""fixed recording-disjoint validation split"", ""hidden_layer_sizes"": [16, 8], ""n_iter"": 41, ""solver"": ""adam""}",/Users/srikarreddy/Documents/hackathon/hackathon3/QSky-Mizzou-Quantum-Hackathon/models/mlp/mlp_f6_n24_train_snr_5.joblib,0.7014613778705637,0.6645091693635383,0.8392370572207084,0.7417218543046358,0.7401967434234751,0.6984236495207383,0.8392370572207084,0.5576102418207681,"[[392, 311], [118, 616]]",,,,,,,,,
mlp,matched_snr,6,24,24,24,0,0,test,0.6876668446342765,0.4919615104329333,0.8907330567081605,"{""activation"": ""relu"", ""batch_size"": 16, ""early_stopping"": true, ""early_stopping_source"": ""fixed recording-disjoint validation split"", ""hidden_layer_sizes"": [16, 8], ""n_iter"": 1, ""solver"": ""adam""}",/Users/srikarreddy/Documents/hackathon/hackathon3/QSky-Mizzou-Quantum-Hackathon/models/mlp/mlp_f6_n24_train_snr_0.joblib,0.4857341684064022,0.4981301421091997,0.9073569482288828,0.6431675519072911,0.44874050875771804,0.4764380758214115,0.9073569482288828,0.04551920341394026,"[[32, 671], [68, 666]]",,,,,,,,,
mlp,clean_model_noise_robustness,6,24,24,24,clean,clean,test,0.8721311475409836,0.8386504118777464,0.9197786998616874,"{""trained_snr"": ""clean""}",/Users/srikarreddy/Documents/hackathon/hackathon3/QSky-Mizzou-Quantum-Hackathon/models/mlp/mlp_f6_n24_train_snr_clean.joblib,0.8267770876466529,0.776,0.9250681198910081,0.8440024860161591,0.8627179360149387,0.8254711228825671,0.9250681198910081,0.7258741258741259,"[[519, 196], [55, 679]]",,,,,,,,,
mlp,clean_model_noise_robustness,6,24,24,24,clean,20,test,0.8721311475409836,0.8386504118777464,0.9197786998616874,"{""trained_snr"": ""clean""}",/Users/srikarreddy/Documents/hackathon/hackathon3/QSky-Mizzou-Quantum-Hackathon/models/mlp/mlp_f6_n24_train_snr_clean.joblib,0.7501739735560194,0.6923076923076923,0.9196185286103542,0.7899356348741955,0.809291436854896,0.7464379983023322,0.9196185286103542,0.5732574679943101,"[[403, 300], [59, 675]]",,,,,,,,,
mlp,clean_model_noise_robustness,6,24,24,24,clean,10,test,0.8721311475409836,0.8386504118777464,0.9197786998616874,"{""trained_snr"": ""clean""}",/Users/srikarreddy/Documents/hackathon/hackathon3/QSky-Mizzou-Quantum-Hackathon/models/mlp/mlp_f6_n24_train_snr_clean.joblib,0.708420320111343,0.6755852842809364,0.8256130790190735,0.7431023911710607,0.7538924267735395,0.7058364114867772,0.8256130790190735,0.5860597439544808,"[[412, 291], [128, 606]]",,,,,,,,,
mlp,clean_model_noise_robustness,6,24,24,24,clean,5,test,0.8721311475409836,0.8386504118777464,0.9197786998616874,"{""trained_snr"": ""clean""}",/Users/srikarreddy/Documents/hackathon/hackathon3/QSky-Mizzou-Quantum-Hackathon/models/mlp/mlp_f6_n24_train_snr_clean.joblib,0.6680584551148225,0.6711051930758988,0.6866485013623979,0.6787878787878788,0.7096387223305335,0.6676485750055232,0.6866485013623979,0.6486486486486487,"[[456, 247], [230, 504]]",,,,,,,,,
mlp,clean_model_noise_robustness,6,24,24,24,clean,0,test,0.8721311475409836,0.8386504118777464,0.9197786998616874,"{""trained_snr"": ""clean""}",/Users/srikarreddy/Documents/hackathon/hackathon3/QSky-Mizzou-Quantum-Hackathon/models/mlp/mlp_f6_n24_train_snr_clean.joblib,0.627000695894224,0.6443148688046647,0.6021798365122616,0.6225352112676056,0.6463540838988995,0.6275479552404836,0.6021798365122616,0.6529160739687055,"[[459, 244], [292, 442]]",,,,,,,,,
mlp,matched_snr,6,50,50,50,clean,clean,test,0.831302116741501,0.7817610986670583,0.8962655601659751,"{""activation"": ""relu"", ""batch_size"": 16, ""early_stopping"": true, ""early_stopping_source"": ""fixed recording-disjoint validation split"", ""hidden_layer_sizes"": [16, 8], ""n_iter"": 59, ""solver"": ""adam""}",/Users/srikarreddy/Documents/hackathon/hackathon3/QSky-Mizzou-Quantum-Hackathon/models/mlp/mlp_f6_n50_train_snr_clean.joblib,0.8136645962732919,0.7654462242562929,0.9114441416893733,0.832089552238806,0.8616546940797621,0.8123654274880433,0.9114441416893733,0.7132867132867133,"[[510, 205], [65, 669]]",,,,,,,,,
mlp,matched_snr,6,50,50,50,20,20,test,0.7643908969210174,0.7156709647674713,0.7897648686030428,"{""activation"": ""relu"", ""batch_size"": 16, ""early_stopping"": true, ""early_stopping_source"": ""fixed recording-disjoint validation split"", ""hidden_layer_sizes"": [16, 8], ""n_iter"": 3, ""solver"": ""adam""}",/Users/srikarreddy/Documents/hackathon/hackathon3/QSky-Mizzou-Quantum-Hackathon/models/mlp/mlp_f6_n50_train_snr_20.joblib,0.6945024356297843,0.7128427128427128,0.6730245231607629,0.6923615977575333,0.7607606172069101,0.694975988465161,0.6730245231607629,0.716927453769559,"[[504, 199], [240, 494]]",,,,,,,,,
mlp,matched_snr,6,50,50,50,10,10,test,0.740484429065744,0.7024234447270186,0.739972337482711,"{""activation"": ""relu"", ""batch_size"": 16, ""early_stopping"": true, ""early_stopping_source"": ""fixed recording-disjoint validation split"", ""hidden_layer_sizes"": [16, 8], ""n_iter"": 5, ""solver"": ""adam""}",/Users/srikarreddy/Documents/hackathon/hackathon3/QSky-Mizzou-Quantum-Hackathon/models/mlp/mlp_f6_n50_train_snr_10.joblib,0.7098121085594989,0.7223001402524544,0.7016348773841962,0.7118175535590877,0.7560416432494448,0.7099924031302205,0.7016348773841962,0.7183499288762447,"[[505, 198], [219, 515]]",,,,,,,,,
mlp,matched_snr,6,50,50,50,5,5,test,0.7205982324949014,0.6711878522881065,0.7330567081604425,"{""activation"": ""relu"", ""batch_size"": 16, ""early_stopping"": true, ""early_stopping_source"": ""fixed recording-disjoint validation split"", ""hidden_layer_sizes"": [16, 8], ""n_iter"": 4, ""solver"": ""adam""}",/Users/srikarreddy/Documents/hackathon/hackathon3/QSky-Mizzou-Quantum-Hackathon/models/mlp/mlp_f6_n50_train_snr_5.joblib,0.673625608907446,0.660996354799514,0.7411444141689373,0.6987797045600513,0.715689086476409,0.6721369297018228,0.7411444141689373,0.6031294452347084,"[[424, 279], [190, 544]]",,,,,,,,,
mlp,matched_snr,6,50,50,50,0,0,test,0.6545708304256804,0.608393194425854,0.648686030428769,"{""activation"": ""relu"", ""batch_size"": 16, ""early_stopping"": true, ""early_stopping_source"": ""fixed recording-disjoint validation split"", ""hidden_layer_sizes"": [16, 8], ""n_iter"": 8, ""solver"": ""adam""}",/Users/srikarreddy/Documents/hackathon/hackathon3/QSky-Mizzou-Quantum-Hackathon/models/mlp/mlp_f6_n50_train_snr_0.joblib,0.6235212247738344,0.608548931383577,0.7370572207084468,0.6666666666666666,0.659896667067182,0.6210179417909233,0.7370572207084468,0.5049786628733998,"[[355, 348], [193, 541]]",,,,,,,,,
mlp,clean_model_noise_robustness,6,50,50,50,clean,clean,test,0.831302116741501,0.7817610986670583,0.8962655601659751,"{""trained_snr"": ""clean""}",/Users/srikarreddy/Documents/hackathon/hackathon3/QSky-Mizzou-Quantum-Hackathon/models/mlp/mlp_f6_n50_train_snr_clean.joblib,0.8136645962732919,0.7654462242562929,0.9114441416893733,0.832089552238806,0.8616546940797621,0.8123654274880433,0.9114441416893733,0.7132867132867133,"[[510, 205], [65, 669]]",,,,,,,,,
mlp,clean_model_noise_robustness,6,50,50,50,clean,20,test,0.831302116741501,0.7817610986670583,0.8962655601659751,"{""trained_snr"": ""clean""}",/Users/srikarreddy/Documents/hackathon/hackathon3/QSky-Mizzou-Quantum-Hackathon/models/mlp/mlp_f6_n50_train_snr_clean.joblib,0.743910925539318,0.7093821510297483,0.8446866485013624,0.7711442786069652,0.7933418862717586,0.7416889857016058,0.8446866485013624,0.6386913229018493,"[[449, 254], [114, 620]]",,,,,,,,,
mlp,clean_model_noise_robustness,6,50,50,50,clean,10,test,0.831302116741501,0.7817610986670583,0.8962655601659751,"{""trained_snr"": ""clean""}",/Users/srikarreddy/Documents/hackathon/hackathon3/QSky-Mizzou-Quantum-Hackathon/models/mlp/mlp_f6_n50_train_snr_clean.joblib,0.6541405706332637,0.6695278969957081,0.6376021798365122,0.6531751570132589,0.7126735942883942,0.6545052150960655,0.6376021798365122,0.6714082503556188,"[[472, 231], [266, 468]]",,,,,,,,,
mlp,clean_model_noise_robustness,6,50,50,50,clean,5,test,0.831302116741501,0.7817610986670583,0.8962655601659751,"{""trained_snr"": ""clean""}",/Users/srikarreddy/Documents/hackathon/hackathon3/QSky-Mizzou-Quantum-Hackathon/models/mlp/mlp_f6_n50_train_snr_clean.joblib,0.6228253305497564,0.6486068111455109,0.5708446866485014,0.6072463768115942,0.6599819380545037,0.6239714187154314,0.5708446866485014,0.6770981507823614,"[[476, 227], [315, 419]]",,,,,,,,,
mlp,clean_model_noise_robustness,6,50,50,50,clean,0,test,0.831302116741501,0.7817610986670583,0.8962655601659751,"{""trained_snr"": ""clean""}",/Users/srikarreddy/Documents/hackathon/hackathon3/QSky-Mizzou-Quantum-Hackathon/models/mlp/mlp_f6_n50_train_snr_clean.joblib,0.6075156576200418,0.6357827476038339,0.5422343324250681,0.5852941176470589,0.6147224235564979,0.608955004050372,0.5422343324250681,0.6756756756756757,"[[475, 228], [336, 398]]",,,,,,,,,
mlp,matched_snr,6,70,70,70,clean,clean,test,0.8976897689768977,0.8711477496664586,0.9405255878284924,"{""activation"": ""relu"", ""batch_size"": 16, ""early_stopping"": true, ""early_stopping_source"": ""fixed recording-disjoint validation split"", ""hidden_layer_sizes"": [16, 8], ""n_iter"": 115, ""solver"": ""adam""}",/Users/srikarreddy/Documents/hackathon/hackathon3/QSky-Mizzou-Quantum-Hackathon/models/mlp/mlp_f6_n70_train_snr_clean.joblib,0.8592132505175983,0.8271604938271605,0.9128065395095368,0.8678756476683938,0.9120729406832949,0.8585011718526705,0.9128065395095368,0.8041958041958042,"[[575, 140], [64, 670]]",,,,,,,,,
mlp,matched_snr,6,70,70,70,20,20,test,0.8111615833874107,0.759287764541412,0.8644536652835408,"{""activation"": ""relu"", ""batch_size"": 16, ""early_stopping"": true, ""early_stopping_source"": ""fixed recording-disjoint validation split"", ""hidden_layer_sizes"": [16, 8], ""n_iter"": 22, ""solver"": ""adam""}",/Users/srikarreddy/Documents/hackathon/hackathon3/QSky-Mizzou-Quantum-Hackathon/models/mlp/mlp_f6_n70_train_snr_20.joblib,0.7731384829505915,0.7281879194630873,0.8869209809264306,0.7997542997542998,0.8338611090654688,0.7706297650009108,0.8869209809264306,0.6543385490753911,"[[460, 243], [83, 651]]",,,,,,,,,
mlp,matched_snr,6,70,70,70,10,10,test,0.7449180327868853,0.6831303261500022,0.7856154910096819,"{""activation"": ""relu"", ""batch_size"": 16, ""early_stopping"": true, ""early_stopping_source"": ""fixed recording-disjoint validation split"", ""hidden_layer_sizes"": [16, 8], ""n_iter"": 3, ""solver"": ""adam""}",/Users/srikarreddy/Documents/hackathon/hackathon3/QSky-Mizzou-Quantum-Hackathon/models/mlp/mlp_f6_n70_train_snr_10.joblib,0.7258176757132916,0.6985981308411215,0.8147138964577657,0.7522012578616353,0.7573904752307161,0.7238576594664362,0.8147138964577657,0.6330014224751067,"[[445, 258], [136, 598]]",,,,,,,,,
mlp,matched_snr,6,70,70,70,5,5,test,0.7234873129473,0.6533261946191942,0.7690179806362379,"{""activation"": ""relu"", ""batch_size"": 16, ""early_stopping"": true, ""early_stopping_source"": ""fixed recording-disjoint validation split"", ""hidden_layer_sizes"": [16, 8], ""n_iter"": 3, ""solver"": ""adam""}",/Users/srikarreddy/Documents/hackathon/hackathon3/QSky-Mizzou-Quantum-Hackathon/models/mlp/mlp_f6_n70_train_snr_5.joblib,0.6798886569241476,0.6512141280353201,0.8038147138964578,0.7195121951219512,0.7249041670381122,0.6771562900918988,0.8038147138964578,0.55049786628734,"[[387, 316], [144, 590]]",,,,,,,,,
mlp,matched_snr,6,70,70,70,0,0,test,0.6870229007633588,0.5965622629723821,0.7468879668049793,"{""activation"": ""relu"", ""batch_size"": 16, ""early_stopping"": true, ""early_stopping_source"": ""fixed recording-disjoint validation split"", ""hidden_layer_sizes"": [16, 8], ""n_iter"": 3, ""solver"": ""adam""}",/Users/srikarreddy/Documents/hackathon/hackathon3/QSky-Mizzou-Quantum-Hackathon/models/mlp/mlp_f6_n70_train_snr_0.joblib,0.616562282533055,0.5873925501432665,0.837874659400545,0.6906232453677709,0.6692803516265441,0.6116827066561757,0.837874659400545,0.38549075391180654,"[[271, 432], [119, 615]]",,,,,,,,,
mlp,clean_model_noise_robustness,6,70,70,70,clean,clean,test,0.8976897689768977,0.8711477496664586,0.9405255878284924,"{""trained_snr"": ""clean""}",/Users/srikarreddy/Documents/hackathon/hackathon3/QSky-Mizzou-Quantum-Hackathon/models/mlp/mlp_f6_n70_train_snr_clean.joblib,0.8592132505175983,0.8271604938271605,0.9128065395095368,0.8678756476683938,0.9120729406832949,0.8585011718526705,0.9128065395095368,0.8041958041958042,"[[575, 140], [64, 670]]",,,,,,,,,
mlp,clean_model_noise_robustness,6,70,70,70,clean,20,test,0.8976897689768977,0.8711477496664586,0.9405255878284924,"{""trained_snr"": ""clean""}",/Users/srikarreddy/Documents/hackathon/hackathon3/QSky-Mizzou-Quantum-Hackathon/models/mlp/mlp_f6_n70_train_snr_clean.joblib,0.7599164926931107,0.722794959908362,0.8596730245231607,0.7853142501555694,0.820975500094961,0.7577170243526188,0.8596730245231607,0.6557610241820768,"[[461, 242], [103, 631]]",,,,,,,,,
mlp,clean_model_noise_robustness,6,70,70,70,clean,10,test,0.8976897689768977,0.8711477496664586,0.9405255878284924,"{""trained_snr"": ""clean""}",/Users/srikarreddy/Documents/hackathon/hackathon3/QSky-Mizzou-Quantum-Hackathon/models/mlp/mlp_f6_n70_train_snr_clean.joblib,0.6617954070981211,0.6901840490797546,0.6130790190735694,0.6493506493506493,0.7256386603152701,0.6628695237615359,0.6130790190735694,0.7126600284495022,"[[501, 202], [284, 450]]",,,,,,,,,
mlp,clean_model_noise_robustness,6,70,70,70,clean,5,test,0.8976897689768977,0.8711477496664586,0.9405255878284924,"{""trained_snr"": ""clean""}",/Users/srikarreddy/Documents/hackathon/hackathon3/QSky-Mizzou-Quantum-Hackathon/models/mlp/mlp_f6_n70_train_snr_clean.joblib,0.6263048016701461,0.6586151368760065,0.5572207084468664,0.603690036900369,0.6667667954775369,0.6278279929147561,0.5572207084468664,0.6984352773826458,"[[491, 212], [325, 409]]",,,,,,,,,
mlp,clean_model_noise_robustness,6,70,70,70,clean,0,test,0.8976897689768977,0.8711477496664586,0.9405255878284924,"{""trained_snr"": ""clean""}",/Users/srikarreddy/Documents/hackathon/hackathon3/QSky-Mizzou-Quantum-Hackathon/models/mlp/mlp_f6_n70_train_snr_clean.joblib,0.6012526096033403,0.6380789022298456,0.5068119891008175,0.5649202733485194,0.6185596179859768,0.6033348707950745,0.5068119891008175,0.6998577524893315,"[[492, 211], [362, 372]]",,,,,,,,,
mlp,nasa_external_once,6,70,70,70,clean,clean,nasa_external,0.8976897689768977,0.8711477496664586,0.9405255878284924,"{'hidden_layer_sizes': [16, 8], 'activation': 'relu', 'solver': 'adam', 'batch_size': 16, 'early_stopping': True, 'n_iter': 115, 'early_stopping_source': 'fixed recording-disjoint validation split'}",/Users/srikarreddy/Documents/hackathon/hackathon3/QSky-Mizzou-Quantum-Hackathon/models/mlp/mlp_f6_n70_train_snr_clean.joblib,,,,,,,,,,0.0,62.0,0.20006242197253432,0.1930816835785739,0.18538745598553677,0.01983094207180518,0.1297615077078227,0.4973120828221034,3204.0
