recording_id,split
30270cff49ec531cdd76,validation
803dcaa5ce366ffe779c,test
584482f232f075ddd9c7,test
555f5397622fd77f9440,validation
7b76b965f0cbe37e8fc1,test
5c05029d81947eeeb140,validation
8b0378d5a538fb9b25a9,test
9163f4a28ab9b4058366,train
8e76e325ccbee7f11350,train
0fe7613a9adfe96fcf20,train
74bdf63cafb6a64136ea,validation
6d1dd9a8826e57f5f69c,train
1102f32781b8ae6712b6,test
22a24482dc772ce57f1f,train
46b4d07596f835fcb40a,train
a00df456e8f2238a5834,train
f567aa08b183ed996ef4,train
4c6477b4a50df5b8a6c5,validation
024375ef3d6d1d3cb5d5,validation
eb285527ff7289b9cb90,test
a7dc594e731b00a37d5d,validation
f15a3dcdce3d25ff6640,train
83083f2b6a9a24355b2b,train
6416817c86e2098e5cd3,train
f6927792e1660bfb6cbb,test
4d66c1ba1004928ae64c,test
d5ef23bc7b7ae648d4e0,train
4f98c5649b38482a3b9c,test
51fc539a2fc7a70e34ab,test
6f030e15d4d4b12902b1,validation
59afc338d05a30b5a700,train
5a4fc4883ec3f7dbd228,train
b6fed39a9ab283d43c1c,train
8a6bdefd068301fbaaa1,train
e25ddf84f608897cf605,validation
06de92fea62d885dfcd9,train
02e17cd2b732ae96df32,train
72e2194658f839c6862f,train
368c15174adffb026270,train
5c0f6331689373b50852,test
49fb922e5bdef98b6b73,validation
925b158aca8dbc7c7044,train
e7da9d965768bdd8cb50,train
24778d27d057242147f1,train
1ce551e8a36900807e40,test
1c0f9918216c9dd596a7,train
3ab213e9c583273f37b9,train
4630b8cd051be646de3f,train
29ad308289e3a1be443c,test
80e2b14c975d24d520c0,validation
62fbb8871d35928fb406,train
fb95058650b21bfa96f0,train
4de3fcfa77697a2d9f3c,train
a981f15ee66ea0e3405e,train
bcbe81dbd21c5f159489,validation
95a9f8f158d5efea826b,test
180650932442a5fd81fe,test
cf3fa18debbd5c37d7dd,test
1430cee92487dce5241d,test
ce9e1852d7ef439b9b57,test
84abf5376102f494e7a8,test
a304889a6b7138b763e5,test
2f5b01a3cb16ddc6cd60,test
7338feb147d2bcdb3fd1,test
4714b37cc6458d997064,test
76f1455c93adae5c6636,test
8cbc5baf6a6eaea482c7,test
5bc6ec994acbd9d5a62d,test
ecc4fe1370042ea490e0,test
fb3b7d741733f1185e03,test
28bd81049862cfd2ff97,test
90ff6140e7219ee59612,test
73f40a917096d36fe840,test
dd338c5046481a5d09b1,test
7893e7f75477ced5ea76,test
68a65eb534826eae08d1,test
ef81c59f3479944b4646,test
9ff7034cb65fd7120a5c,test
b6fa6f10b20efeeeade5,test
44d479019e3e289916a2,test
31785d877d7429896327,test
eae960dc3a4f3852fdf7,test
bbe46918b16bcef95286,test
aa77f9697fbf5ab6b942,test
7a482b076cea465084b2,test
119462c5d29efcec11ee,test
b1e46508b031262fcc61,test
a11bb67fe5ee246f49eb,test
33794126a31c1d70a128,test
d66954ce0ffa658b438e,test
f61a969d64badc3f670b,test
64c1342a182b846930b1,test
128eeb42ffd0eae7026b,test
5dabb3e1c79fabc2319d,test
51bdb3c707983550cb8a,test
4991d83555f6b832df4e,test
b33b7d042c5db806eb1f,test
3ff4e9f26a4fcc6b04c3,test
5932986bbec1e301b265,test
444f9d2f012314ff2350,test
9dcba3f25ec981357f87,test
82f3c5b2cbdfaf2888c9,test
2ba12e0cbaa800b46575,test
3df3badb703578d98d77,test
e903e2cf1c1e7c49019b,test
074bb15af4a2af54f978,test
6f1e1fad9d7ddf9e4d3a,test
9561f1a850315e765035,test
22874d71be2a728d4e2d,test
85f452bfd99e5c661d36,test
07e28a9a8ed96067adbe,test
9d46bdb584cc0cc2dbb4,test
96f5289165e2de319c85,test
672ba4b8b1d059810998,test
a4f4b9d03588424b45ce,test
9ef9dda23ae9ee8bc85c,test
4b443d95614bb6542be0,test
3e8cf51cf8ab00000c85,test
369f780548220be6c0b1,test
98b3a8854a36217cae46,test
891f10211e99b412ff7e,test
dcaa37e49053602968b4,test
04ea96c2f1ac40a2825f,test
7b26281b815313dbaf02,test
a240155bbcdd9abb994c,test
4a330b8feb0f350a6e33,test
7142cb95de186025bcaa,test
6fa656272e03f500ac42,test
01a7f88ee71c999c0de0,test
582372d0d99881afecae,test
985168a4207d4f692b70,test
e833ce1814679fcdc78a,test
e4a7a0c248c9a09ac270,test
0ddecf8030f0b983a96f,test
bd6207f29fad53bec50b,test
3b823987f6d634ce1f5e,test
d2a5515920c36b9fa0d6,test
2c10c6bac0772d8c1bfe,test
a045edc4301594fff749,test
e615de353fb9a086e4fe,test
c9af5f531e7bb9bd0539,train
cd952af69cccf845c0b2,validation
2e63a8249962607f36a4,train
bf1d3351f9827f92cae0,train
a3c4a408a2b43180b8dd,train
a24681e7c6dba17878c7,validation
46657c118cbc624ab563,validation
b23b56b356a6b439a84e,validation
01aa3ba6754ff4726c84,validation
531c69a1b5aa85640907,validation
3a4679a94148edf64ff5,validation
768c0108c8dad9641312,train
db310754ee13618a88b7,train
903f161cbd3ff8ce8b78,train
4ef1115b87a904bd8b1d,train
aaddb14da50ab4fc581d,train
d18cd828c83c37bb5ddb,train
84c743314184b150f12c,validation
4ab74c006345f322782c,train
6ea223abc77a6f668143,train
d6438ac7a532ab65cde8,train
43dc9eb9340260bf985e,train
475c93668414a38315fd,validation
591f94e14ee031cb57c9,train
b5cb56d2f652a28e5fbc,train
9276d7cd3f1e418e6ef7,train
fb889de96c8efc52e990,validation
60b2305f8ea1ec1e33af,train
109bee3fb7c9bb5d0282,train
9fdf972bde7ee06bdfb1,validation
f89a417e44fda48b3769,train
578159b153a65397acff,validation
ef13a40ae7308dab05c4,train
d54cf2800a307f74916d,validation
f1314a2b484f99eeabdf,train
37bca436d24e9956341c,validation
27612d50a2349f510e5e,validation
76049d7ad6cd2932dc28,train
74f19bcebf11a6b77f67,train
d6e10d4d1f5389d0ab4c,train
9218130a64d6a546f494,train
368848616b0797a977b0,train
0fe6cf13507d56318649,validation
a5267bc4b585832b920a,validation
35b186d1039d1594e53d,validation
907f3b65485ff7415d7f,train
f3f24e15d44bf68e01e9,train
71834d183ffc335fff0f,train
a7c41da94dd64782822b,train
f099fae9e8740dfc50a3,validation
26db72e920b69ccc4e7d,train
2d1d8b79ba0e10cb6b86,train
37fa07b8e6109437482a,train
1279c244ccdd9a91a214,train
a953c06c246034a7b22c,train
bcfb3910a3bfda883903,train
8142ce86b6364942d3ee,train
663f812bec167995c9c0,train
1285426ce6ea880986bc,validation
4531e5f8b87111751634,train
ff7d3c7aaeef0d4370fc,train
b5ffab8fac6b64b6270d,train
3c9c24c1bab49b980de0,train
6101df3ea4a049167403,train
3d4faef28711aa34f60d,train
1b137b60456b4db67a6f,train
dd8dcae75893fa1528d1,train
6f3dc4454c6f20e6f62f,train
c40e126b9ee834c62808,train
e368d1308b86819b1fe1,train
4c5e9f2ab26f1057ec5e,train
15c184e6bd52f8e9d756,train
96c8f952011b9805dbdc,train
276a372d13d7bbc16294,train
46118aec9dd3eba69eb2,train
c9508f1628989d69991b,train
e35dd415a542d3f129a7,train
bbd30ca80672eb2fd683,train
42af050909eecc8ff8db,train
31ebc1bdfa5d1e1a5d33,train
a19effb29fc4c84477c1,train
3e52a7cf4a0022622cca,train
643552e8aea4067693f4,validation
d9509079321b5ded686c,train
903df2bd04a5e0e7c566,train
ce3f8df8e357408a7f0c,validation
dd7662f50b0a6c7cc58d,validation
304129fdeefb471d2b0c,validation
9f282d8ccf2c71ed65ce,train
02d585b63f782a3efd86,train
0d023f103a5eb6e61c88,validation
73cf49ce0e09a5a04ada,train
844110a4477f183f868c,train
d4a7db5bd3358aab8cdb,train
e332c64c87133d79d75d,train
a9a1895075cc0fceeb54,train
4fe01c5d81aca94891dd,train
c3cede731328e2a80025,train
b9159e63666e1ff105dd,train
a1760dc82bc877c887f2,train
2f7ac18dc81a0ea21881,train
ac9174af234dc953af8e,train
455bc0fdb8fa7f0ea1b5,train
21d1f9a2c22a2341082a,train
8e58d17cece727dbaca8,train
0a809d4611462b0ffdee,train
7e42c432fd603632def8,validation
0aac2eb84446120f0d9a,train
bd2db2192519a26f4b01,validation
6b2e8664f9a6a11f6e5f,train
c774b0f9db2dcc1f76af,train
334129c07129670e291f,train
c5c3f86a8085e90dc984,train
dd57a1e0373108f6775b,train
541ab7942fa272ff3d7f,train
df4b9ed2d0186de60676,train
351ba1ee321919638300,train
1f29b7dcd1cf4d4d1b6c,train
fa8a195d0a0df47916d4,train
3ecd2590492af89ab744,train
0852a2a64a436f399f31,train
eb996f33afdcbba7b878,train
188a097900fd48d89096,train
46ce4f44882e899eb7e0,train
d240f54a2d6b2f04575f,train
d1ac2aed792000804b1d,train
3e439c99c603d724b1cd,validation
0f6a7ccbbd15583bec69,train
eca625534b283a9b2141,train
d7795470aef75e419be7,train
eaf7b67af40d4d925230,train
2e47eb3ecc4684f27ec9,train
c9b6a8284ea7d8b2d8bd,train
5e9ea59c5a88809c9179,train
9ef249773ea3153b9b1d,train
7183c621f2987e2d3ac5,validation
f8077045b6c384dcd43f,train
d2cef164925db88378ea,train
f3c697225ac6c5e76185,train
de63da796aabec8cce0e,train
67686b66940e7e04adc2,train
d6e8a555466cc7188c65,train
c9f116e20d15c4f326cb,train
1b7b94479c9af0d5c7e1,train
ee6390ce4f2646373bb7,train
645a3ae3328504c4dc84,train
5b778003dd76fcaedc50,train
c30cc3c42f5d9260e63f,validation
2789b8e75b8115bce7b0,validation
fb2a5ddfc99e5b70b7b4,train
72480845d42e78dbf947,train
4ebc3700a5ebe6567fcc,train
c5506d982874ee91fa9a,validation
de23d2549792e4be862a,train
a619ef79ac91893b9ea7,validation
d826e1bb6a6b25dce0d6,train
1ac8665bfdfcc3899a77,train
eee9f8c4488e48c166a6,train
30c8962a4d3b24f2fa04,train
e8858997d5f16a44b702,train
9a065f77ce9c15694830,train
b567a23b09bb0bd49098,validation
5f3e8eca6fddcdb77014,train
6e0ce300b7bc05ef13ae,train
acb56416516be2e78f1c,train
5d1475e41d7155a89abd,train
e95b4c4d214a88f707f0,train
cd7e648ca55c287bed20,validation
694d0e63f6288262abe2,train
dd35d93f28a731aed667,train
0b4f5a397ec89450b266,train
7a83a22cc71f1e7ee91b,train
c48844bf18964da8b7a9,validation
be551bfe3bbdd313e91c,train
683cefcb968f3602fe18,train
23f37fa77a37cb382905,train
8ea539c2d521618e0ca5,train
0acc71db0bc99d574ff5,validation
b9984398737c957bc34f,validation
970bb2bb5f649c9fc315,train
d28637a456d48a388788,train
00afaf7e19edb8abd13d,train
80b7acea5b8f2f2fbc6b,train
0fc140108ab676d83885,train
dff726e33d765a89a78f,validation
84277ff1a440a709785e,validation
1d1204c9dcf27ea1d27e,train
50956562a0919dc33ff7,train
a0bc7642fbc4817df3f5,train
2e90e52aa7208d5fec3b,validation
23e4f8f73326c31d97e7,train
75436659f0524998c72b,train
bcf634e77428d75e0a02,train
5ec706207d64731c9689,train
44a955ea3f047ba395ee,train
3964a8e92b9881208b72,train
9679e0bd21da9131ecea,validation
4a273a22aa498e1aec05,validation
c61256a9660d54cfc75a,train
e49c5f3b58f6991a43a4,validation
3667c9ddca63b679b2e2,train
d849c7779eacf882fc71,train
fd66e933be8ca4ce3054,train
33a9557ba88fc751535b,train
faafd54096a64563c0ff,validation
8e6d671d3e711c49c208,train
69a8f57142620cb342ea,train
15dbd19fa2b74b86effd,train
bd6d343079570a3f4965,validation
f6779793a53b74f4c8a0,validation
9c6e82017298cb81076a,train
3fd53af1ac706d8134e3,train
97de9982ed27ce65a5ee,train
b5b21fa5bc48feeff324,train
ac7d439e3dacf5f8da0e,validation
010d9b5a79ac74f80faf,train
264f83beda9d02c84dbf,train
3efc8efd6374d2f76f75,train
8271bc44ea7d3fd21539,train
a4b9d8cfa81b71379780,train
40e9df0fb50bbeed2ca4,train
efa1a352c8a4042afe40,train
a6fd25ef37f81988adcf,train
ab47103ec3beeda86b8e,train
fc6760253e41adc8b422,train
6a53220318950e6418a3,validation
84be79d5530fe1937e7f,train
8a3e2a6425c0e42ebec0,train
ae2fc83efee36cf6ba5f,train
f9b27dbb624c1e4b22ce,train
0d7c9473a55c8df43257,validation
3e5bd017f364b7a21b9b,train
002ae1855a82ac90ffca,train
315c4d7928d857c8344c,train
623f3803b5d4cf4f1b0f,train
2a164f8d16135718d521,train
5ba81511e9034e29f13b,train
38de2c5fd0d8398344f5,train
b76a744241d87c035688,train
bddaaf3656ae2aec7197,train
25a125898ca1bfe351d7,train
8272b3cc762553105c2b,train
416094699929eb4619cd,validation
99757fb121c2cbf79961,train
95f6736df257a01fd8e1,train
84585638a8fd9e36b3c6,train
c104302cc03df9b0d75c,train
69ead035bbccc6f9360e,train
89d9bedb898b3461d76d,train
5e31db411801beaa09e1,train
122d9bf1cb774b0b141a,train
87ebd4ceb0d01780ae66,train
e8276a3c5a20686c267d,train
965e5ffaa899f0595510,train
f2b4ee5f02a017e8f4ee,train
5f209042ba25f905f0ea,validation
a68f44a883b207aa4a46,validation
7259d92fcfe061eaafd5,train
302b20bef0014630efb9,train
7948055020bc59380578,train
353547274985ee7e1079,train
a596e6ae34cdaceb84a9,train
4807905de5410d34424c,validation
ba2e2ab3af1b203396df,train
a0cfeb3a9f93dd0ba492,validation
0543e9bad5e5c5223b9f,validation
0a739c08ba5c2db3bc3b,train
cc026d82d6ef49397d75,validation
bfd8691fa3f166564cc7,train
0f639b00af3a879a0db5,validation
84178634d2709ef18c45,train
e4a4f51be543ac789a72,train
ff521f367df643ca6aed,train
1c6992458e6bd7dc692b,train
d3609b1094e0729f14a9,train
a7e27b0a4b30b4802d9d,train
499925d87bc554ed0de7,train
fa4ada8d2fcb19e2f51b,train
c4ada69e2e1c242ffde1,train
3d4bcef93359ab40e5e3,train
0dcb029462559ba78044,train
1e7769552e7b87c94410,train
d3c18a93788e4689bbf4,train
16eaed2048f1ae4b2806,train
6102c971dc1eb6578d36,train
b15f32ad3dc5a3362d2e,train
caddda0c60559f3f7795,train
1bef38d9e4594522fffb,train
70c994c587baa5a41551,train
5fc4de8eff0e65f96bca,train
b041f972c5cfb6f43453,train
3987233fa7c2feb8a640,train
2da1e18c5b5d097f5829,validation
4b51cceb611465f1886e,train
e76b9ff084cb16439ea3,validation
4686813622b6514d8db6,train
6d6fd2cbbf50d2dedc9d,train
89aff7a6d3df6a2053c4,validation
60beb925347987ccb23d,train
77ab04d38fc4c317abf1,train
be8682946a3bebbbecc0,train
389497f87a53cda2728b,validation
f04747320bba4ccb8d1b,validation
949f2536ad309c4cc6e5,train
fd17f71321141c8c428e,train
92cdd45513f9c27c3e26,train
bec1befbc48fe1a8af89,train
5be4de9ef48bf0039502,train
8b43d7c75ef4959f5d89,validation
11dfc1796bba6ee77aa0,train
2b2256dc0f1361036d98,train
fd42e09fc0ab06371fce,train
10a44f269d721e13e307,train
6ff321467b0c6ad6d971,train
8fd7b5bdcfbccefdafea,train
4d8a96141263ae7493d4,train
23c5ba5d6708256735a7,train
743d415b6ce5c220b8b4,train
60dbf60cbe324d934476,train
7fef772b66fe8c31b4a8,train
54280ed72e7d566352fc,validation
9b848b9251005cdca03d,train
bfe19e478cabbdbd1324,train
d7f01b3a21bed95fb601,train
817799c36bc369e360a7,train
a0e85d0738d1bf911437,train
ef37445fa45679320de7,train
c7471497078d4f6bfb90,train
95f0c121d11a89a0c4d4,train
344290f64e8e17bc05ef,train
709c91f0520170fcce03,train
53f7d7b33ab72a3f211d,train
315599fa87fab3eded48,train
6c774c242f543140dcdb,train
d8c75b9cce1a15c79af1,validation
2297cf84aee40eb7a533,validation
149fb499ec6db6bb57ee,train
2eaee8b72ce7f20c6a36,train
50518e098b84fa2d02a7,validation
